{
  "model_version": "1.0.0",
  "trained_at": "2026-06-28T04:02:53.092250+00:00",
  "seed": 42,
  "architecture": {
    "hidden_sizes": [
      64,
      32
    ],
    "dropout": 0.3,
    "n_features": 44
  },
  "training": {
    "n_epochs_trained": 25,
    "best_val_loss": 0.7158,
    "batch_size": 64,
    "learning_rate": 0.001,
    "weight_decay": 0.0001,
    "patience": 10,
    "pos_weight": 2.7684
  },
  "test_metrics": {
    "roc_auc": 0.8438709344080189,
    "pr_auc": 0.6311289638658133,
    "f1": 0.6253869969040248,
    "precision": 0.5092436974789916,
    "recall": 0.8101604278074866,
    "accuracy": 0.7423704755145494
  },
  "business_metrics": {
    "n_tp": 303,
    "n_fp": 292,
    "n_fn": 71,
    "n_tn": 743,
    "cost_fn": 52577.4,
    "cost_fp": 14600.0,
    "gain_tp": 258851.40000000002,
    "net_cost": -191674.00000000003
  }
}